checked_at,depart_date,return_date,destination,currency,lowest_overall_pp,price_level,typical_low,typical_high,hainan_lowest_pp,best_itinerary
2026-06-17,2026-12-28,2027-02-16,CAN,MXN,28882.0,,,,28882.0,1次中转(Beijing Capital International Airport) 18h55m · Hainan
2026-06-17,2026-12-28,2027-02-16,SZX,MXN,28989.33,,,,28989.33,1次中转(Beijing Capital International Airport) 19h55m · Hainan
2026-06-17,2026-12-28,2027-02-17,CAN,MXN,28882.0,,,,28882.0,1次中转(Beijing Capital International Airport) 18h55m · Hainan
2026-06-17,2026-12-28,2027-02-17,SZX,MXN,28989.33,,,,28989.33,1次中转(Beijing Capital International Airport) 19h55m · Hainan
2026-06-17,2026-12-29,2027-02-16,CAN,MXN,28882.0,,,,28882.0,1次中转(Beijing Capital International Airport) 18h55m · Hainan
2026-06-17,2026-12-29,2027-02-16,SZX,MXN,28989.33,,,,28989.33,1次中转(Beijing Capital International Airport) 19h55m · Hainan
2026-06-17,2026-12-29,2027-02-17,CAN,MXN,28882.0,,,,28882.0,1次中转(Beijing Capital International Airport) 18h55m · Hainan
2026-06-17,2026-12-29,2027-02-17,SZX,MXN,28989.33,,,,28989.33,1次中转(Beijing Capital International Airport) 19h55m · Hainan
2026-06-18,2026-12-28,2027-02-16,CAN,MXN,28979.0,,,,28979.0,1次中转(Beijing Capital International Airport) 18h55m · Hainan
2026-06-18,2026-12-28,2027-02-16,SZX,MXN,29086.67,,,,29086.67,1次中转(Beijing Capital International Airport) 19h55m · Hainan
2026-06-18,2026-12-28,2027-02-17,CAN,MXN,28979.0,,,,28979.0,1次中转(Beijing Capital International Airport) 18h55m · Hainan
2026-06-18,2026-12-28,2027-02-17,SZX,MXN,29086.67,,,,29086.67,1次中转(Beijing Capital International Airport) 19h55m · Hainan
2026-06-18,2026-12-29,2027-02-16,CAN,MXN,28979.0,,,,28979.0,1次中转(Beijing Capital International Airport) 18h55m · Hainan
2026-06-18,2026-12-29,2027-02-16,SZX,MXN,29086.67,,,,29086.67,1次中转(Beijing Capital International Airport) 19h55m · Hainan
2026-06-18,2026-12-29,2027-02-17,CAN,MXN,28979.0,,,,28979.0,1次中转(Beijing Capital International Airport) 18h55m · Hainan
2026-06-18,2026-12-29,2027-02-17,SZX,MXN,29120.0,,,,29120.0,1次中转(Beijing Capital International Airport) 19h55m · Hainan
2026-06-19,2026-12-28,2027-02-16,CAN,MXN,28914.33,,,,28914.33,1次中转(Beijing Capital International Airport) 18h55m · Hainan
2026-06-19,2026-12-28,2027-02-16,SZX,MXN,29022.0,,,,29022.0,1次中转(Beijing Capital International Airport) 19h55m · Hainan
2026-06-19,2026-12-28,2027-02-17,CAN,MXN,28914.33,,,,28914.33,1次中转(Beijing Capital International Airport) 18h55m · Hainan
2026-06-19,2026-12-28,2027-02-17,SZX,MXN,29022.0,,,,29022.0,1次中转(Beijing Capital International Airport) 19h55m · Hainan
2026-06-19,2026-12-29,2027-02-16,CAN,MXN,28914.33,,,,28914.33,1次中转(Beijing Capital International Airport) 18h55m · Hainan
2026-06-19,2026-12-29,2027-02-16,SZX,MXN,29022.0,,,,29022.0,1次中转(Beijing Capital International Airport) 19h55m · Hainan
2026-06-19,2026-12-29,2027-02-17,CAN,MXN,28914.33,,,,28914.33,1次中转(Beijing Capital International Airport) 18h55m · Hainan
2026-06-19,2026-12-29,2027-02-17,SZX,MXN,29022.0,,,,29022.0,1次中转(Beijing Capital International Airport) 19h55m · Hainan
2026-06-19,2026-12-28,2027-02-16,CAN,MXN,28951.33,,,,28951.33,1次中转(Beijing Capital International Airport) 18h55m · Hainan
2026-06-19,2026-12-28,2027-02-16,SZX,MXN,29059.0,,,,29059.0,1次中转(Beijing Capital International Airport) 19h55m · Hainan
2026-06-19,2026-12-28,2027-02-17,CAN,MXN,28951.33,,,,28951.33,1次中转(Beijing Capital International Airport) 18h55m · Hainan
2026-06-19,2026-12-28,2027-02-17,SZX,MXN,29059.0,,,,29059.0,1次中转(Beijing Capital International Airport) 19h55m · Hainan
2026-06-19,2026-12-29,2027-02-16,CAN,MXN,28951.33,,,,28951.33,1次中转(Beijing Capital International Airport) 18h55m · Hainan
2026-06-19,2026-12-29,2027-02-16,SZX,MXN,28810.0,,,,28810.0,1次中转(Beijing Capital International Airport) 19h55m · Hainan
2026-06-19,2026-12-29,2027-02-17,CAN,MXN,28951.33,,,,28951.33,1次中转(Beijing Capital International Airport) 18h55m · Hainan
2026-06-19,2026-12-29,2027-02-17,SZX,MXN,29059.0,,,,29059.0,1次中转(Beijing Capital International Airport) 19h55m · Hainan
2026-06-20,2026-12-28,2027-02-16,CAN,MXN,28951.67,,,,28951.67,1次中转(Beijing Capital International Airport) 18h55m · Hainan
2026-06-20,2026-12-28,2027-02-16,SZX,MXN,29059.0,,,,29059.0,1次中转(Beijing Capital International Airport) 19h55m · Hainan
2026-06-20,2026-12-28,2027-02-17,CAN,MXN,28951.67,,,,28951.67,1次中转(Beijing Capital International Airport) 18h55m · Hainan
2026-06-20,2026-12-28,2027-02-17,SZX,MXN,29059.0,,,,29059.0,1次中转(Beijing Capital International Airport) 19h55m · Hainan
2026-06-20,2026-12-29,2027-02-16,CAN,MXN,28951.67,,,,28951.67,1次中转(Beijing Capital International Airport) 18h55m · Hainan
2026-06-20,2026-12-29,2027-02-16,SZX,MXN,29059.0,,,,29059.0,1次中转(Beijing Capital International Airport) 19h55m · Hainan
2026-06-20,2026-12-29,2027-02-17,CAN,MXN,28951.67,,,,28951.67,1次中转(Beijing Capital International Airport) 18h55m · Hainan
2026-06-20,2026-12-29,2027-02-17,SZX,MXN,29059.0,,,,29059.0,1次中转(Beijing Capital International Airport) 19h55m · Hainan
2026-06-21,2026-12-28,2027-02-16,CAN,MXN,28951.67,,,,28951.67,1次中转(Beijing Capital International Airport) 18h55m · Hainan
2026-06-21,2026-12-28,2027-02-16,SZX,MXN,29059.0,,,,29059.0,1次中转(Beijing Capital International Airport) 19h55m · Hainan
2026-06-21,2026-12-28,2027-02-17,CAN,MXN,28951.67,,,,28951.67,1次中转(Beijing Capital International Airport) 18h55m · Hainan
2026-06-21,2026-12-28,2027-02-17,SZX,MXN,29059.0,,,,29059.0,1次中转(Beijing Capital International Airport) 19h55m · Hainan
2026-06-21,2026-12-29,2027-02-16,CAN,MXN,28951.67,,,,28951.67,1次中转(Beijing Capital International Airport) 18h55m · Hainan
2026-06-21,2026-12-29,2027-02-16,SZX,MXN,29101.0,,,,29101.0,1次中转(Beijing Capital International Airport) 19h55m · Hainan
2026-06-21,2026-12-29,2027-02-17,CAN,MXN,28951.67,,,,28951.67,1次中转(Beijing Capital International Airport) 18h55m · Hainan
2026-06-21,2026-12-29,2027-02-17,SZX,MXN,29059.0,,,,29059.0,1次中转(Beijing Capital International Airport) 19h55m · Hainan
2026-06-22,2026-12-28,2027-02-16,CAN,MXN,28966.33,,,,28966.33,1次中转(Beijing Capital International Airport) 18h55m · Hainan
2026-06-22,2026-12-28,2027-02-16,SZX,MXN,29074.0,,,,29074.0,1次中转(Beijing Capital International Airport) 19h55m · Hainan
2026-06-22,2026-12-28,2027-02-17,CAN,MXN,28966.33,,,,28966.33,1次中转(Beijing Capital International Airport) 18h55m · Hainan
2026-06-22,2026-12-28,2027-02-17,SZX,MXN,29074.0,,,,29074.0,1次中转(Beijing Capital International Airport) 19h55m · Hainan
2026-06-22,2026-12-29,2027-02-16,CAN,MXN,28966.33,,,,28966.33,1次中转(Beijing Capital International Airport) 18h55m · Hainan
2026-06-22,2026-12-29,2027-02-16,SZX,MXN,29074.0,,,,29074.0,1次中转(Beijing Capital International Airport) 19h55m · Hainan
2026-06-22,2026-12-29,2027-02-17,CAN,MXN,28966.33,,,,28966.33,1次中转(Beijing Capital International Airport) 18h55m · Hainan
2026-06-22,2026-12-29,2027-02-17,SZX,MXN,29074.0,,,,29074.0,1次中转(Beijing Capital International Airport) 19h55m · Hainan
2026-06-23,2026-12-28,2027-02-16,CAN,MXN,29350.33,,,,29350.33,1次中转(Beijing Capital International Airport) 18h55m · Hainan
2026-06-23,2026-12-28,2027-02-16,SZX,MXN,29459.33,,,,29459.33,1次中转(Beijing Capital International Airport) 19h55m · Hainan
2026-06-23,2026-12-28,2027-02-17,CAN,MXN,29350.33,,,,29350.33,1次中转(Beijing Capital International Airport) 18h55m · Hainan
2026-06-23,2026-12-28,2027-02-17,SZX,MXN,29459.33,,,,29459.33,1次中转(Beijing Capital International Airport) 19h55m · Hainan
2026-06-23,2026-12-29,2027-02-16,CAN,MXN,29350.33,,,,29350.33,1次中转(Beijing Capital International Airport) 18h55m · Hainan
2026-06-23,2026-12-29,2027-02-16,SZX,MXN,29459.33,,,,29459.33,1次中转(Beijing Capital International Airport) 19h55m · Hainan
2026-06-23,2026-12-29,2027-02-17,CAN,MXN,29350.33,,,,29350.33,1次中转(Beijing Capital International Airport) 18h55m · Hainan
2026-06-23,2026-12-29,2027-02-17,SZX,MXN,29459.33,,,,29459.33,1次中转(Beijing Capital International Airport) 19h55m · Hainan
2026-06-24,2026-12-28,2027-02-16,CAN,MXN,29442.0,,,,29442.0,1次中转(Beijing Capital International Airport) 18h55m · Hainan
2026-06-24,2026-12-28,2027-02-16,SZX,MXN,29551.33,,,,29551.33,1次中转(Beijing Capital International Airport) 19h55m · Hainan
2026-06-24,2026-12-28,2027-02-17,CAN,MXN,29442.0,,,,29442.0,1次中转(Beijing Capital International Airport) 18h55m · Hainan
2026-06-24,2026-12-28,2027-02-17,SZX,MXN,29551.33,,,,29551.33,1次中转(Beijing Capital International Airport) 19h55m · Hainan
2026-06-24,2026-12-29,2027-02-16,CAN,MXN,29442.0,,,,29442.0,1次中转(Beijing Capital International Airport) 18h55m · Hainan
2026-06-24,2026-12-29,2027-02-16,SZX,MXN,29551.33,,,,29551.33,1次中转(Beijing Capital International Airport) 19h55m · Hainan
2026-06-24,2026-12-29,2027-02-17,CAN,MXN,29442.0,,,,29442.0,1次中转(Beijing Capital International Airport) 18h55m · Hainan
2026-06-24,2026-12-29,2027-02-17,SZX,MXN,29551.33,,,,29551.33,1次中转(Beijing Capital International Airport) 19h55m · Hainan
2026-06-25,2026-12-28,2027-02-16,CAN,MXN,29225.0,,,,29225.0,1次中转(Beijing Capital International Airport) 18h55m · Hainan
2026-06-25,2026-12-28,2027-02-16,SZX,MXN,29333.67,,,,29333.67,1次中转(Beijing Capital International Airport) 19h55m · Hainan
2026-06-25,2026-12-28,2027-02-17,CAN,MXN,29225.0,,,,29225.0,1次中转(Beijing Capital International Airport) 18h55m · Hainan
2026-06-25,2026-12-28,2027-02-17,SZX,MXN,29333.67,,,,29333.67,1次中转(Beijing Capital International Airport) 19h55m · Hainan
2026-06-25,2026-12-29,2027-02-16,CAN,MXN,29225.0,,,,29225.0,1次中转(Beijing Capital International Airport) 18h55m · Hainan
2026-06-25,2026-12-29,2027-02-16,SZX,MXN,29333.67,,,,29333.67,1次中转(Beijing Capital International Airport) 19h55m · Hainan
2026-06-25,2026-12-29,2027-02-17,CAN,MXN,29225.0,,,,29225.0,1次中转(Beijing Capital International Airport) 18h55m · Hainan
2026-06-25,2026-12-29,2027-02-17,SZX,MXN,29333.67,,,,29333.67,1次中转(Beijing Capital International Airport) 19h55m · Hainan
2026-06-26,2026-12-28,2027-02-16,CAN,MXN,29197.67,,,,29197.67,1次中转(Beijing Capital International Airport) 18h55m · Hainan
2026-06-26,2026-12-28,2027-02-16,SZX,MXN,29306.0,,,,29306.0,1次中转(Beijing Capital International Airport) 19h55m · Hainan
2026-06-26,2026-12-28,2027-02-17,CAN,MXN,29197.67,,,,29197.67,1次中转(Beijing Capital International Airport) 18h55m · Hainan
2026-06-26,2026-12-28,2027-02-17,SZX,MXN,29306.0,,,,29306.0,1次中转(Beijing Capital International Airport) 19h55m · Hainan
2026-06-26,2026-12-29,2027-02-16,CAN,MXN,29197.67,,,,29197.67,1次中转(Beijing Capital International Airport) 18h55m · Hainan
2026-06-26,2026-12-29,2027-02-16,SZX,MXN,29306.0,,,,29306.0,1次中转(Beijing Capital International Airport) 19h55m · Hainan
2026-06-26,2026-12-29,2027-02-17,CAN,MXN,29197.67,,,,29197.67,1次中转(Beijing Capital International Airport) 18h55m · Hainan
2026-06-26,2026-12-29,2027-02-17,SZX,MXN,29306.0,,,,29306.0,1次中转(Beijing Capital International Airport) 19h55m · Hainan
2026-06-27,2026-12-28,2027-02-16,CAN,MXN,29211.67,,,,29211.67,1次中转(Beijing Capital International Airport) 18h55m · Hainan
2026-06-27,2026-12-28,2027-02-16,SZX,MXN,29320.0,,,,29320.0,1次中转(Beijing Capital International Airport) 19h55m · Hainan
2026-06-27,2026-12-28,2027-02-17,CAN,MXN,29240.0,,,,29240.0,1次中转(Beijing Capital International Airport) 18h55m · Hainan
2026-06-27,2026-12-28,2027-02-17,SZX,MXN,29320.0,,,,29320.0,1次中转(Beijing Capital International Airport) 19h55m · Hainan
2026-06-27,2026-12-29,2027-02-16,CAN,MXN,29211.67,,,,29211.67,1次中转(Beijing Capital International Airport) 18h55m · Hainan
2026-06-27,2026-12-29,2027-02-16,SZX,MXN,29320.0,,,,29320.0,1次中转(Beijing Capital International Airport) 19h55m · Hainan
2026-06-27,2026-12-29,2027-02-17,CAN,MXN,29211.67,,,,29211.67,1次中转(Beijing Capital International Airport) 18h55m · Hainan
2026-06-27,2026-12-29,2027-02-17,SZX,MXN,29320.0,,,,29320.0,1次中转(Beijing Capital International Airport) 19h55m · Hainan
2026-06-28,2026-12-28,2027-02-16,CAN,MXN,29211.67,,,,29211.67,1次中转(Beijing Capital International Airport) 18h55m · Hainan
2026-06-28,2026-12-28,2027-02-16,SZX,MXN,29320.0,,,,29320.0,1次中转(Beijing Capital International Airport) 19h55m · Hainan
2026-06-28,2026-12-28,2027-02-17,CAN,MXN,29211.67,,,,29211.67,1次中转(Beijing Capital International Airport) 18h55m · Hainan
2026-06-28,2026-12-28,2027-02-17,SZX,MXN,29320.0,,,,29320.0,1次中转(Beijing Capital International Airport) 19h55m · Hainan
2026-06-28,2026-12-29,2027-02-16,CAN,MXN,29211.67,,,,29211.67,1次中转(Beijing Capital International Airport) 18h55m · Hainan
2026-06-28,2026-12-29,2027-02-16,SZX,MXN,29320.0,,,,29320.0,1次中转(Beijing Capital International Airport) 19h55m · Hainan
2026-06-28,2026-12-29,2027-02-17,CAN,MXN,29211.67,,,,29211.67,1次中转(Beijing Capital International Airport) 18h55m · Hainan
2026-06-28,2026-12-29,2027-02-17,SZX,MXN,29320.0,,,,29320.0,1次中转(Beijing Capital International Airport) 19h55m · Hainan
2026-06-29,2026-12-28,2027-02-16,CAN,MXN,29172.33,,,,29172.33,1次中转(Beijing Capital International Airport) 18h55m · Hainan
2026-06-29,2026-12-28,2027-02-16,SZX,MXN,29280.67,,,,29280.67,1次中转(Beijing Capital International Airport) 19h55m · Hainan
2026-06-29,2026-12-28,2027-02-17,CAN,MXN,29172.33,,,,29172.33,1次中转(Beijing Capital International Airport) 18h55m · Hainan
2026-06-29,2026-12-28,2027-02-17,SZX,MXN,29280.67,,,,29280.67,1次中转(Beijing Capital International Airport) 19h55m · Hainan
2026-06-29,2026-12-29,2027-02-16,CAN,MXN,29172.33,,,,29172.33,1次中转(Beijing Capital International Airport) 18h55m · Hainan
2026-06-29,2026-12-29,2027-02-16,SZX,MXN,29280.67,,,,29280.67,1次中转(Beijing Capital International Airport) 19h55m · Hainan
2026-06-29,2026-12-29,2027-02-17,CAN,MXN,29172.33,,,,29172.33,1次中转(Beijing Capital International Airport) 18h55m · Hainan
2026-06-29,2026-12-29,2027-02-17,SZX,MXN,29280.67,,,,29280.67,1次中转(Beijing Capital International Airport) 19h55m · Hainan
2026-06-30,2026-12-28,2027-02-16,CAN,MXN,29178.0,,,,29178.0,1次中转(Beijing Capital International Airport) 18h55m · Hainan
2026-06-30,2026-12-28,2027-02-16,SZX,MXN,29286.33,,,,29286.33,1次中转(Beijing Capital International Airport) 19h55m · Hainan
2026-06-30,2026-12-28,2027-02-17,CAN,MXN,29178.0,,,,29178.0,1次中转(Beijing Capital International Airport) 18h55m · Hainan
2026-06-30,2026-12-28,2027-02-17,SZX,MXN,29286.33,,,,29286.33,1次中转(Beijing Capital International Airport) 19h55m · Hainan
2026-06-30,2026-12-29,2027-02-16,CAN,MXN,29178.0,,,,29178.0,1次中转(Beijing Capital International Airport) 18h55m · Hainan
2026-06-30,2026-12-29,2027-02-16,SZX,MXN,29286.33,,,,29286.33,1次中转(Beijing Capital International Airport) 19h55m · Hainan
2026-06-30,2026-12-29,2027-02-17,CAN,MXN,29178.0,,,,29178.0,1次中转(Beijing Capital International Airport) 18h55m · Hainan
2026-06-30,2026-12-29,2027-02-17,SZX,MXN,29286.33,,,,29286.33,1次中转(Beijing Capital International Airport) 19h55m · Hainan
2026-07-01,2026-12-28,2027-02-16,CAN,MXN,29319.33,,,,29319.33,1次中转(Beijing Capital International Airport) 18h55m · Hainan
2026-07-01,2026-12-28,2027-02-16,SZX,MXN,29428.33,,,,29428.33,1次中转(Beijing Capital International Airport) 19h55m · Hainan
2026-07-01,2026-12-28,2027-02-17,CAN,MXN,29319.33,,,,29319.33,1次中转(Beijing Capital International Airport) 18h55m · Hainan
2026-07-01,2026-12-28,2027-02-17,SZX,MXN,29428.33,,,,29428.33,1次中转(Beijing Capital International Airport) 19h55m · Hainan
2026-07-01,2026-12-29,2027-02-16,CAN,MXN,29319.33,,,,29319.33,1次中转(Beijing Capital International Airport) 18h55m · Hainan
2026-07-01,2026-12-29,2027-02-16,SZX,MXN,29428.33,,,,29428.33,1次中转(Beijing Capital International Airport) 19h55m · Hainan
2026-07-01,2026-12-29,2027-02-17,CAN,MXN,29319.33,,,,29319.33,1次中转(Beijing Capital International Airport) 18h55m · Hainan
2026-07-01,2026-12-29,2027-02-17,SZX,MXN,29428.33,,,,29428.33,1次中转(Beijing Capital International Airport) 19h55m · Hainan
2026-07-02,2026-12-28,2027-02-16,CAN,MXN,29195.67,,,,29195.67,1次中转(Beijing Capital International Airport) 18h55m · Hainan
2026-07-02,2026-12-28,2027-02-16,SZX,MXN,29304.0,,,,29304.0,1次中转(Beijing Capital International Airport) 19h55m · Hainan
2026-07-02,2026-12-28,2027-02-17,CAN,MXN,29170.0,,,,29170.0,1次中转(Beijing Capital International Airport) 36h00m · Hainan
2026-07-02,2026-12-28,2027-02-17,SZX,MXN,29304.0,,,,29304.0,1次中转(Beijing Capital International Airport) 19h55m · Hainan
2026-07-02,2026-12-29,2027-02-16,CAN,MXN,29195.67,,,,29195.67,1次中转(Beijing Capital International Airport) 18h55m · Hainan
2026-07-02,2026-12-29,2027-02-16,SZX,MXN,29304.0,,,,29304.0,1次中转(Beijing Capital International Airport) 19h55m · Hainan
2026-07-02,2026-12-29,2027-02-17,CAN,MXN,29195.67,,,,29195.67,1次中转(Beijing Capital International Airport) 18h55m · Hainan
2026-07-02,2026-12-29,2027-02-17,SZX,MXN,29304.0,,,,29304.0,1次中转(Beijing Capital International Airport) 19h55m · Hainan
2026-07-03,2026-12-28,2027-02-16,CAN,MXN,29184.67,,,,29184.67,1次中转(Beijing Capital International Airport) 18h55m · Hainan
2026-07-03,2026-12-28,2027-02-16,SZX,MXN,29293.0,,,,29293.0,1次中转(Beijing Capital International Airport) 19h55m · Hainan
2026-07-03,2026-12-28,2027-02-17,CAN,MXN,29275.0,,,,29275.0,1次中转(Beijing Capital International Airport) 18h55m · Hainan
2026-07-03,2026-12-28,2027-02-17,SZX,MXN,29293.0,,,,29293.0,1次中转(Beijing Capital International Airport) 19h55m · Hainan
2026-07-03,2026-12-29,2027-02-16,CAN,MXN,29275.0,,,,29275.0,1次中转(Beijing Capital International Airport) 18h55m · Hainan
2026-07-03,2026-12-29,2027-02-16,SZX,MXN,29293.0,,,,29293.0,1次中转(Beijing Capital International Airport) 19h55m · Hainan
2026-07-03,2026-12-29,2027-02-17,CAN,MXN,29184.67,,,,29184.67,1次中转(Beijing Capital International Airport) 18h55m · Hainan
2026-07-03,2026-12-29,2027-02-17,SZX,MXN,29293.0,,,,29293.0,1次中转(Beijing Capital International Airport) 19h55m · Hainan
2026-07-04,2026-12-28,2027-02-16,CAN,MXN,29170.67,,,,29170.67,1次中转(Beijing Capital International Airport) 18h55m · Hainan
2026-07-04,2026-12-28,2027-02-16,SZX,MXN,29279.0,,,,29279.0,1次中转(Beijing Capital International Airport) 19h55m · Hainan
2026-07-04,2026-12-28,2027-02-17,CAN,MXN,29170.67,,,,29170.67,1次中转(Beijing Capital International Airport) 18h55m · Hainan
2026-07-04,2026-12-28,2027-02-17,SZX,MXN,29282.0,,,,29282.0,1次中转(Beijing Capital International Airport) 19h55m · Hainan
2026-07-04,2026-12-29,2027-02-16,CAN,MXN,29170.67,,,,29170.67,1次中转(Beijing Capital International Airport) 18h55m · Hainan
2026-07-04,2026-12-29,2027-02-16,SZX,MXN,29279.0,,,,29279.0,1次中转(Beijing Capital International Airport) 19h55m · Hainan
2026-07-04,2026-12-29,2027-02-17,CAN,MXN,29170.67,,,,29170.67,1次中转(Beijing Capital International Airport) 18h55m · Hainan
2026-07-04,2026-12-29,2027-02-17,SZX,MXN,29279.0,,,,29279.0,1次中转(Beijing Capital International Airport) 19h55m · Hainan
2026-07-05,2026-12-28,2027-02-16,CAN,MXN,28912.33,,,,28912.33,1次中转(Beijing Capital International Airport) 18h55m · Hainan
2026-07-05,2026-12-28,2027-02-16,SZX,MXN,29020.67,,,,29020.67,1次中转(Beijing Capital International Airport) 19h55m · Hainan
2026-07-05,2026-12-28,2027-02-17,CAN,MXN,28912.33,,,,28912.33,1次中转(Beijing Capital International Airport) 18h55m · Hainan
2026-07-05,2026-12-28,2027-02-17,SZX,MXN,29026.0,,,,29026.0,1次中转(Beijing Capital International Airport) 19h55m · Hainan
2026-07-05,2026-12-29,2027-02-16,CAN,MXN,28912.33,,,,28912.33,1次中转(Beijing Capital International Airport) 18h55m · Hainan
2026-07-05,2026-12-29,2027-02-16,SZX,MXN,29020.67,,,,29020.67,1次中转(Beijing Capital International Airport) 19h55m · Hainan
2026-07-05,2026-12-29,2027-02-17,CAN,MXN,28912.33,,,,28912.33,1次中转(Beijing Capital International Airport) 18h55m · Hainan
2026-07-05,2026-12-29,2027-02-17,SZX,MXN,29020.67,,,,29020.67,1次中转(Beijing Capital International Airport) 19h55m · Hainan
2026-07-06,2026-12-28,2027-02-16,CAN,MXN,28795.67,,,,28795.67,1次中转(Beijing Capital International Airport) 18h55m · Hainan
2026-07-06,2026-12-28,2027-02-16,SZX,MXN,28903.67,,,,28903.67,1次中转(Beijing Capital International Airport) 19h55m · Hainan
2026-07-06,2026-12-28,2027-02-17,CAN,MXN,28917.0,,,,28917.0,1次中转(Beijing Capital International Airport) 18h55m · Hainan
2026-07-06,2026-12-28,2027-02-17,SZX,MXN,28903.67,,,,28903.67,1次中转(Beijing Capital International Airport) 19h55m · Hainan
2026-07-06,2026-12-29,2027-02-16,CAN,MXN,28795.67,,,,28795.67,1次中转(Beijing Capital International Airport) 18h55m · Hainan
2026-07-06,2026-12-29,2027-02-16,SZX,MXN,28903.67,,,,28903.67,1次中转(Beijing Capital International Airport) 19h55m · Hainan
2026-07-06,2026-12-29,2027-02-17,CAN,MXN,28795.67,,,,28795.67,1次中转(Beijing Capital International Airport) 18h55m · Hainan
2026-07-06,2026-12-29,2027-02-17,SZX,MXN,28903.67,,,,28903.67,1次中转(Beijing Capital International Airport) 19h55m · Hainan
2026-07-07,2026-12-28,2027-02-16,CAN,MXN,28956.0,,,,28956.0,1次中转(Beijing Capital International Airport) 18h55m · Hainan
2026-07-07,2026-12-28,2027-02-16,SZX,MXN,29064.33,,,,29064.33,1次中转(Beijing Capital International Airport) 19h55m · Hainan
2026-07-07,2026-12-28,2027-02-17,CAN,MXN,28956.0,,,,28956.0,1次中转(Beijing Capital International Airport) 18h55m · Hainan
2026-07-07,2026-12-28,2027-02-17,SZX,MXN,29064.33,,,,29064.33,1次中转(Beijing Capital International Airport) 19h55m · Hainan
2026-07-07,2026-12-29,2027-02-16,CAN,MXN,28956.33,,,,28956.33,1次中转(Beijing Capital International Airport) 18h55m · Hainan
2026-07-07,2026-12-29,2027-02-16,SZX,MXN,29031.0,,,,29031.0,1次中转(Beijing Capital International Airport) 19h55m · Hainan
2026-07-07,2026-12-29,2027-02-17,CAN,MXN,28956.0,,,,28956.0,1次中转(Beijing Capital International Airport) 18h55m · Hainan
2026-07-07,2026-12-29,2027-02-17,SZX,MXN,29064.67,,,,29064.67,1次中转(Beijing Capital International Airport) 19h55m · Hainan
2026-07-08,2026-12-28,2027-02-16,CAN,MXN,28855.0,,,,28855.0,1次中转(Beijing Capital International Airport) 18h55m · Hainan
2026-07-08,2026-12-28,2027-02-16,SZX,MXN,29171.33,,,,29171.33,1次中转(Beijing Capital International Airport) 19h55m · Hainan
2026-07-08,2026-12-28,2027-02-17,CAN,MXN,29062.67,,,,29062.67,1次中转(Beijing Capital International Airport) 18h55m · Hainan
2026-07-08,2026-12-28,2027-02-17,SZX,MXN,29171.33,,,,29171.33,1次中转(Beijing Capital International Airport) 19h55m · Hainan
2026-07-08,2026-12-29,2027-02-16,CAN,MXN,29062.67,,,,29062.67,1次中转(Beijing Capital International Airport) 18h55m · Hainan
2026-07-08,2026-12-29,2027-02-16,SZX,MXN,29171.33,,,,29171.33,1次中转(Beijing Capital International Airport) 19h55m · Hainan
2026-07-08,2026-12-29,2027-02-17,CAN,MXN,28855.0,,,,28855.0,1次中转(Beijing Capital International Airport) 19h55m · Hainan
2026-07-08,2026-12-29,2027-02-17,SZX,MXN,29171.33,,,,29171.33,1次中转(Beijing Capital International Airport) 19h55m · Hainan
2026-07-09,2026-12-28,2027-02-16,CAN,MXN,28954.0,,,,28954.0,1次中转(Beijing Capital International Airport) 22h55m · Hainan
2026-07-09,2026-12-28,2027-02-16,SZX,MXN,29124.67,,,,29124.67,1次中转(Beijing Capital International Airport) 19h55m · Hainan
2026-07-09,2026-12-28,2027-02-17,CAN,MXN,28954.0,,,,28954.0,1次中转(Beijing Capital International Airport) 40h00m · Hainan
2026-07-09,2026-12-28,2027-02-17,SZX,MXN,29124.67,,,,29124.67,1次中转(Beijing Capital International Airport) 19h55m · Hainan
2026-07-09,2026-12-29,2027-02-16,CAN,MXN,29016.0,,,,29016.0,1次中转(Beijing Capital International Airport) 18h55m · Hainan
2026-07-09,2026-12-29,2027-02-16,SZX,MXN,29124.67,,,,29124.67,1次中转(Beijing Capital International Airport) 19h55m · Hainan
2026-07-09,2026-12-29,2027-02-17,CAN,MXN,29016.0,,,,29016.0,1次中转(Beijing Capital International Airport) 18h55m · Hainan
2026-07-09,2026-12-29,2027-02-17,SZX,MXN,29124.67,,,,29124.67,1次中转(Beijing Capital International Airport) 19h55m · Hainan
2026-07-10,2026-12-28,2027-02-16,CAN,MXN,28933.0,,,,28933.0,1次中转(Beijing Capital International Airport) 18h55m · Hainan
2026-07-10,2026-12-28,2027-02-16,SZX,MXN,29041.67,,,,29041.67,1次中转(Beijing Capital International Airport) 19h55m · Hainan
2026-07-10,2026-12-28,2027-02-17,CAN,MXN,28933.0,,,,28933.0,1次中转(Beijing Capital International Airport) 18h55m · Hainan
2026-07-10,2026-12-28,2027-02-17,SZX,MXN,29041.67,,,,29041.67,1次中转(Beijing Capital International Airport) 19h55m · Hainan
2026-07-10,2026-12-29,2027-02-16,CAN,MXN,28933.0,,,,28933.0,1次中转(Beijing Capital International Airport) 18h55m · Hainan
2026-07-10,2026-12-29,2027-02-16,SZX,MXN,29228.0,,,,29228.0,1次中转(Beijing Capital International Airport) 19h55m · Hainan
2026-07-10,2026-12-29,2027-02-17,CAN,MXN,28933.0,,,,28933.0,1次中转(Beijing Capital International Airport) 18h55m · Hainan
2026-07-10,2026-12-29,2027-02-17,SZX,MXN,29041.67,,,,29041.67,1次中转(Beijing Capital International Airport) 19h55m · Hainan
2026-07-11,2026-12-28,2027-02-16,CAN,MXN,28909.33,,,,28909.33,1次中转(Beijing Capital International Airport) 18h55m · Hainan
2026-07-11,2026-12-28,2027-02-16,SZX,MXN,29017.67,,,,29017.67,1次中转(Beijing Capital International Airport) 19h55m · Hainan
2026-07-11,2026-12-28,2027-02-17,CAN,MXN,28909.33,,,,28909.33,1次中转(Beijing Capital International Airport) 18h55m · Hainan
2026-07-11,2026-12-28,2027-02-17,SZX,MXN,29017.67,,,,29017.67,1次中转(Beijing Capital International Airport) 19h55m · Hainan
2026-07-11,2026-12-29,2027-02-16,CAN,MXN,28909.33,,,,28909.33,1次中转(Beijing Capital International Airport) 18h55m · Hainan
2026-07-11,2026-12-29,2027-02-16,SZX,MXN,29017.67,,,,29017.67,1次中转(Beijing Capital International Airport) 19h55m · Hainan
2026-07-11,2026-12-29,2027-02-17,CAN,MXN,29014.0,,,,29014.0,1次中转(Beijing Capital International Airport) 18h55m · Hainan
2026-07-11,2026-12-29,2027-02-17,SZX,MXN,29017.67,,,,29017.67,1次中转(Beijing Capital International Airport) 19h55m · Hainan
2026-07-12,2026-12-28,2027-02-16,CAN,MXN,29332.33,,,,29332.33,1次中转(Beijing Capital International Airport) 18h55m · Hainan
2026-07-12,2026-12-28,2027-02-16,SZX,MXN,29442.33,,,,29442.33,1次中转(Beijing Capital International Airport) 19h55m · Hainan
2026-07-12,2026-12-28,2027-02-17,CAN,MXN,29332.33,,,,29332.33,1次中转(Beijing Capital International Airport) 18h55m · Hainan
2026-07-12,2026-12-28,2027-02-17,SZX,MXN,29442.33,,,,29442.33,1次中转(Beijing Capital International Airport) 19h55m · Hainan
2026-07-12,2026-12-29,2027-02-16,CAN,MXN,29332.33,,,,29332.33,1次中转(Beijing Capital International Airport) 18h55m · Hainan
2026-07-12,2026-12-29,2027-02-16,SZX,MXN,29442.33,,,,29442.33,1次中转(Beijing Capital International Airport) 19h55m · Hainan
2026-07-12,2026-12-29,2027-02-17,CAN,MXN,29332.33,,,,29332.33,1次中转(Beijing Capital International Airport) 18h55m · Hainan
2026-07-12,2026-12-29,2027-02-17,SZX,MXN,29442.33,,,,29442.33,1次中转(Beijing Capital International Airport) 19h55m · Hainan
2026-07-13,2026-12-28,2027-02-16,CAN,MXN,29011.0,,,,29011.0,1次中转(Beijing Capital International Airport) 18h55m · Hainan
2026-07-13,2026-12-28,2027-02-16,SZX,MXN,29119.67,,,,29119.67,1次中转(Beijing Capital International Airport) 19h55m · Hainan
2026-07-13,2026-12-28,2027-02-17,CAN,MXN,29011.0,,,,29011.0,1次中转(Beijing Capital International Airport) 18h55m · Hainan
2026-07-13,2026-12-28,2027-02-17,SZX,MXN,29119.67,,,,29119.67,1次中转(Beijing Capital International Airport) 19h55m · Hainan
2026-07-13,2026-12-29,2027-02-16,CAN,MXN,29011.0,,,,29011.0,1次中转(Beijing Capital International Airport) 18h55m · Hainan
2026-07-13,2026-12-29,2027-02-16,SZX,MXN,29119.67,,,,29119.67,1次中转(Beijing Capital International Airport) 19h55m · Hainan
2026-07-13,2026-12-29,2027-02-17,CAN,MXN,29011.0,,,,29011.0,1次中转(Beijing Capital International Airport) 18h55m · Hainan
2026-07-13,2026-12-29,2027-02-17,SZX,MXN,29119.67,,,,29119.67,1次中转(Beijing Capital International Airport) 19h55m · Hainan
2026-07-17,2026-12-28,2027-02-16,CAN,MXN,29019.33,,,,29019.33,1次中转(Beijing Capital International Airport) 18h55m · Hainan
2026-07-17,2026-12-28,2027-02-16,SZX,MXN,29128.0,,,,29128.0,1次中转(Beijing Capital International Airport) 19h55m · Hainan
2026-07-17,2026-12-28,2027-02-17,CAN,MXN,29019.33,,,,29019.33,1次中转(Beijing Capital International Airport) 18h55m · Hainan
2026-07-17,2026-12-28,2027-02-17,SZX,MXN,29128.0,,,,29128.0,1次中转(Beijing Capital International Airport) 19h55m · Hainan
2026-07-17,2026-12-29,2027-02-16,CAN,MXN,28788.0,,,,28788.0,1次中转(Beijing Capital International Airport) 18h55m · Hainan
2026-07-17,2026-12-29,2027-02-16,SZX,MXN,29128.0,,,,29128.0,1次中转(Beijing Capital International Airport) 19h55m · Hainan
2026-07-17,2026-12-29,2027-02-17,CAN,MXN,29019.33,,,,29019.33,1次中转(Beijing Capital International Airport) 18h55m · Hainan
2026-07-17,2026-12-29,2027-02-17,SZX,MXN,29128.0,,,,29128.0,1次中转(Beijing Capital International Airport) 19h55m · Hainan
2026-07-18,2026-12-28,2027-02-16,CAN,MXN,29036.67,,,,29036.67,1次中转(Beijing Capital International Airport) 18h55m · Hainan
2026-07-18,2026-12-28,2027-02-16,SZX,MXN,29145.33,,,,29145.33,1次中转(Beijing Capital International Airport) 19h55m · Hainan
2026-07-18,2026-12-28,2027-02-17,CAN,MXN,29036.67,,,,29036.67,1次中转(Beijing Capital International Airport) 18h55m · Hainan
2026-07-18,2026-12-28,2027-02-17,SZX,MXN,29145.33,,,,29145.33,1次中转(Beijing Capital International Airport) 19h55m · Hainan
2026-07-18,2026-12-29,2027-02-16,CAN,MXN,29036.67,,,,29036.67,1次中转(Beijing Capital International Airport) 18h55m · Hainan
2026-07-18,2026-12-29,2027-02-16,SZX,MXN,29145.33,,,,29145.33,1次中转(Beijing Capital International Airport) 19h55m · Hainan
2026-07-18,2026-12-29,2027-02-17,CAN,MXN,29036.67,,,,29036.67,1次中转(Beijing Capital International Airport) 18h55m · Hainan
2026-07-18,2026-12-29,2027-02-17,SZX,MXN,29145.33,,,,29145.33,1次中转(Beijing Capital International Airport) 19h55m · Hainan
2026-07-19,2026-12-28,2027-02-16,CAN,MXN,29036.67,,,,29036.67,1次中转(Beijing Capital International Airport) 18h55m · Hainan
2026-07-19,2026-12-28,2027-02-16,SZX,MXN,29145.33,,,,29145.33,1次中转(Beijing Capital International Airport) 19h55m · Hainan
2026-07-19,2026-12-28,2027-02-17,CAN,MXN,29036.67,,,,29036.67,1次中转(Beijing Capital International Airport) 18h55m · Hainan
2026-07-19,2026-12-28,2027-02-17,SZX,MXN,29145.33,,,,29145.33,1次中转(Beijing Capital International Airport) 19h55m · Hainan
2026-07-19,2026-12-29,2027-02-16,CAN,MXN,29036.67,,,,29036.67,1次中转(Beijing Capital International Airport) 18h55m · Hainan
2026-07-19,2026-12-29,2027-02-16,SZX,MXN,29145.33,,,,29145.33,1次中转(Beijing Capital International Airport) 19h55m · Hainan
2026-07-19,2026-12-29,2027-02-17,CAN,MXN,29036.67,,,,29036.67,1次中转(Beijing Capital International Airport) 18h55m · Hainan
2026-07-19,2026-12-29,2027-02-17,SZX,MXN,29145.33,,,,29145.33,1次中转(Beijing Capital International Airport) 19h55m · Hainan
2026-07-20,2026-12-28,2027-02-16,CAN,MXN,28826.67,,,,28826.67,1次中转(Beijing Capital International Airport) 18h55m · Hainan
2026-07-20,2026-12-28,2027-02-16,SZX,MXN,28934.67,,,,28934.67,1次中转(Beijing Capital International Airport) 19h55m · Hainan
2026-07-20,2026-12-28,2027-02-17,CAN,MXN,28826.67,,,,28826.67,1次中转(Beijing Capital International Airport) 18h55m · Hainan
2026-07-20,2026-12-28,2027-02-17,SZX,MXN,28934.67,,,,28934.67,1次中转(Beijing Capital International Airport) 19h55m · Hainan
2026-07-20,2026-12-29,2027-02-16,CAN,MXN,28868.0,,,,28868.0,1次中转(Beijing Capital International Airport) 18h55m · Hainan
2026-07-20,2026-12-29,2027-02-16,SZX,MXN,28934.67,,,,28934.67,1次中转(Beijing Capital International Airport) 19h55m · Hainan
2026-07-20,2026-12-29,2027-02-17,CAN,MXN,28826.67,,,,28826.67,1次中转(Beijing Capital International Airport) 18h55m · Hainan
2026-07-20,2026-12-29,2027-02-17,SZX,MXN,28934.67,,,,28934.67,1次中转(Beijing Capital International Airport) 19h55m · Hainan
2026-07-21,2026-12-28,2027-02-16,CAN,MXN,28798.33,,,,28798.33,1次中转(Beijing Capital International Airport) 18h55m · Hainan
2026-07-21,2026-12-28,2027-02-16,SZX,MXN,28906.0,,,,28906.0,1次中转(Beijing Capital International Airport) 19h55m · Hainan
2026-07-21,2026-12-28,2027-02-17,CAN,MXN,28798.33,,,,28798.33,1次中转(Beijing Capital International Airport) 18h55m · Hainan
2026-07-21,2026-12-28,2027-02-17,SZX,MXN,28906.0,,,,28906.0,1次中转(Beijing Capital International Airport) 19h55m · Hainan
2026-07-21,2026-12-29,2027-02-16,CAN,MXN,28798.33,,,,28798.33,1次中转(Beijing Capital International Airport) 18h55m · Hainan
2026-07-21,2026-12-29,2027-02-16,SZX,MXN,28906.0,,,,28906.0,1次中转(Beijing Capital International Airport) 19h55m · Hainan
2026-07-21,2026-12-29,2027-02-17,CAN,MXN,28798.33,,,,28798.33,1次中转(Beijing Capital International Airport) 18h55m · Hainan
2026-07-21,2026-12-29,2027-02-17,SZX,MXN,28906.0,,,,28906.0,1次中转(Beijing Capital International Airport) 19h55m · Hainan
2026-07-22,2026-12-28,2027-02-16,CAN,MXN,28814.0,,,,28814.0,1次中转(Beijing Capital International Airport) 18h55m · Hainan
2026-07-22,2026-12-28,2027-02-16,SZX,MXN,28922.0,,,,28922.0,1次中转(Beijing Capital International Airport) 19h55m · Hainan
2026-07-22,2026-12-28,2027-02-17,CAN,MXN,28814.0,,,,28814.0,1次中转(Beijing Capital International Airport) 18h55m · Hainan
2026-07-22,2026-12-28,2027-02-17,SZX,MXN,28922.0,,,,28922.0,1次中转(Beijing Capital International Airport) 19h55m · Hainan
2026-07-22,2026-12-29,2027-02-16,CAN,MXN,28814.0,,,,28814.0,1次中转(Beijing Capital International Airport) 18h55m · Hainan
2026-07-22,2026-12-29,2027-02-16,SZX,MXN,28922.0,,,,28922.0,1次中转(Beijing Capital International Airport) 19h55m · Hainan
2026-07-22,2026-12-29,2027-02-17,CAN,MXN,28814.0,,,,28814.0,1次中转(Beijing Capital International Airport) 18h55m · Hainan
2026-07-22,2026-12-29,2027-02-17,SZX,MXN,28922.0,,,,28922.0,1次中转(Beijing Capital International Airport) 19h55m · Hainan
2026-07-23,2026-12-28,2027-02-16,CAN,MXN,28021.0,,,,28021.0,1次中转(Beijing Capital International Airport) 18h55m · Hainan
2026-07-23,2026-12-28,2027-02-16,SZX,MXN,28328.0,,,,28328.0,1次中转(Beijing Capital International Airport) 19h55m · Hainan
2026-07-23,2026-12-28,2027-02-17,CAN,MXN,28217.67,,,,28217.67,1次中转(Beijing Capital International Airport) 18h55m · Hainan
2026-07-23,2026-12-28,2027-02-17,SZX,MXN,28328.0,,,,28328.0,1次中转(Beijing Capital International Airport) 19h55m · Hainan
2026-07-23,2026-12-29,2027-02-16,CAN,MXN,28021.0,,,,28021.0,1次中转(Beijing Capital International Airport) 18h55m · Hainan
2026-07-23,2026-12-29,2027-02-16,SZX,MXN,28328.0,,,,28328.0,1次中转(Beijing Capital International Airport) 19h55m · Hainan
2026-07-23,2026-12-29,2027-02-17,CAN,MXN,28217.67,,,,28217.67,1次中转(Beijing Capital International Airport) 18h55m · Hainan
2026-07-23,2026-12-29,2027-02-17,SZX,MXN,28328.0,,,,28328.0,1次中转(Beijing Capital International Airport) 19h55m · Hainan
2026-07-24,2026-12-28,2027-02-16,CAN,MXN,28021.0,,,,28021.0,1次中转(Beijing Capital International Airport) 18h55m · Hainan
2026-07-24,2026-12-28,2027-02-16,SZX,MXN,28130.0,,,,28130.0,1次中转(Beijing Capital International Airport) 19h55m · Hainan
2026-07-24,2026-12-28,2027-02-17,CAN,MXN,28021.0,,,,28021.0,1次中转(Beijing Capital International Airport) 18h55m · Hainan
2026-07-24,2026-12-28,2027-02-17,SZX,MXN,28130.0,,,,28130.0,1次中转(Beijing Capital International Airport) 19h55m · Hainan
2026-07-24,2026-12-29,2027-02-16,CAN,MXN,28140.67,,,,28140.67,1次中转(Beijing Capital International Airport) 18h55m · Hainan
2026-07-24,2026-12-29,2027-02-16,SZX,MXN,28251.0,,,,28251.0,1次中转(Beijing Capital International Airport) 19h55m · Hainan
2026-07-24,2026-12-29,2027-02-17,CAN,MXN,28140.67,,,,28140.67,1次中转(Beijing Capital International Airport) 18h55m · Hainan
2026-07-24,2026-12-29,2027-02-17,SZX,MXN,28251.0,,,,28251.0,1次中转(Beijing Capital International Airport) 19h55m · Hainan
2026-07-25,2026-12-28,2027-02-16,CAN,MXN,28157.67,,,,28157.67,1次中转(Beijing Capital International Airport) 18h55m · Hainan
2026-07-25,2026-12-28,2027-02-16,SZX,MXN,28310.0,,,,28310.0,1次中转(Beijing Capital International Airport) 19h55m · Hainan
2026-07-25,2026-12-28,2027-02-17,CAN,MXN,28201.0,,,,28201.0,1次中转(Beijing Capital International Airport) 18h55m · Hainan
2026-07-25,2026-12-28,2027-02-17,SZX,MXN,28267.67,,,,28267.67,1次中转(Beijing Capital International Airport) 19h55m · Hainan
2026-07-25,2026-12-29,2027-02-16,CAN,MXN,28201.0,,,,28201.0,1次中转(Beijing Capital International Airport) 18h55m · Hainan
2026-07-25,2026-12-29,2027-02-16,SZX,MXN,28310.0,,,,28310.0,1次中转(Beijing Capital International Airport) 19h55m · Hainan
2026-07-25,2026-12-29,2027-02-17,CAN,MXN,28201.0,,,,28201.0,1次中转(Beijing Capital International Airport) 18h55m · Hainan
2026-07-25,2026-12-29,2027-02-17,SZX,MXN,28267.67,,,,28267.67,1次中转(Beijing Capital International Airport) 19h55m · Hainan
2026-07-26,2026-12-28,2027-02-16,CAN,MXN,28201.0,,,,28201.0,1次中转(Beijing Capital International Airport) 18h55m · Hainan
2026-07-26,2026-12-28,2027-02-16,SZX,MXN,28310.0,,,,28310.0,1次中转(Beijing Capital International Airport) 19h55m · Hainan
2026-07-26,2026-12-28,2027-02-17,CAN,MXN,28201.0,,,,28201.0,1次中转(Beijing Capital International Airport) 18h55m · Hainan
2026-07-26,2026-12-28,2027-02-17,SZX,MXN,28310.0,,,,28310.0,1次中转(Beijing Capital International Airport) 19h55m · Hainan
2026-07-26,2026-12-29,2027-02-16,CAN,MXN,28201.0,,,,28201.0,1次中转(Beijing Capital International Airport) 18h55m · Hainan
2026-07-26,2026-12-29,2027-02-16,SZX,MXN,28310.0,,,,28310.0,1次中转(Beijing Capital International Airport) 19h55m · Hainan
2026-07-26,2026-12-29,2027-02-17,SZX,MXN,28310.0,,,,28310.0,1次中转(Beijing Capital International Airport) 19h55m · Hainan
2026-07-27,2026-12-28,2027-02-17,CAN,MXN,26285.67,,,,26285.67,1次中转(Beijing Capital International Airport) 18h55m · Hainan
2026-07-27,2026-12-28,2027-02-17,SZX,MXN,26489.0,,,,26489.0,1次中转(Beijing Capital International Airport) 19h55m · Hainan
2026-07-27,2026-12-29,2027-02-16,CAN,MXN,26380.0,,,,26380.0,1次中转(Beijing Capital International Airport) 18h55m · Hainan
2026-07-27,2026-12-29,2027-02-16,SZX,MXN,26489.0,,,,26489.0,1次中转(Beijing Capital International Airport) 19h55m · Hainan
2026-07-27,2026-12-29,2027-02-17,CAN,MXN,26380.0,,,,26380.0,1次中转(Beijing Capital International Airport) 18h55m · Hainan
2026-07-27,2026-12-29,2027-02-17,SZX,MXN,26489.0,,,,26489.0,1次中转(Beijing Capital International Airport) 19h55m · Hainan
2026-07-28,2026-12-28,2027-02-16,CAN,MXN,26304.0,,,,26304.0,1次中转(Beijing Capital International Airport) 18h55m · Hainan
2026-07-28,2026-12-28,2027-02-16,SZX,MXN,26414.0,,,,26414.0,1次中转(Beijing Capital International Airport) 19h55m · Hainan
2026-07-28,2026-12-28,2027-02-17,CAN,MXN,26304.0,,,,26304.0,1次中转(Beijing Capital International Airport) 18h55m · Hainan
2026-07-28,2026-12-28,2027-02-17,SZX,MXN,26414.0,,,,26414.0,1次中转(Beijing Capital International Airport) 19h55m · Hainan
2026-07-28,2026-12-29,2027-02-16,CAN,MXN,26267.0,,,,26267.0,1次中转(Beijing Capital International Airport) 18h55m · Hainan
2026-07-28,2026-12-29,2027-02-16,SZX,MXN,26414.0,,,,26414.0,1次中转(Beijing Capital International Airport) 19h55m · Hainan
2026-07-28,2026-12-29,2027-02-17,CAN,MXN,26304.0,,,,26304.0,1次中转(Beijing Capital International Airport) 18h55m · Hainan
2026-07-28,2026-12-29,2027-02-17,SZX,MXN,26414.0,,,,26414.0,1次中转(Beijing Capital International Airport) 19h55m · Hainan
2026-07-29,2026-12-28,2027-02-16,CAN,MXN,26278.0,,,,26278.0,1次中转(Beijing Capital International Airport) 18h55m · Hainan
2026-07-29,2026-12-28,2027-02-16,SZX,MXN,26418.33,,,,26418.33,1次中转(Beijing Capital International Airport) 19h55m · Hainan
2026-07-29,2026-12-28,2027-02-17,CAN,MXN,26278.0,,,,26278.0,1次中转(Beijing Capital International Airport) 18h55m · Hainan
2026-07-29,2026-12-28,2027-02-17,SZX,MXN,26418.33,,,,26418.33,1次中转(Beijing Capital International Airport) 19h55m · Hainan
2026-07-29,2026-12-29,2027-02-16,CAN,MXN,26278.0,,,,26278.0,1次中转(Beijing Capital International Airport) 18h55m · Hainan
2026-07-29,2026-12-29,2027-02-16,SZX,MXN,26387.0,,,,26387.0,1次中转(Beijing Capital International Airport) 19h55m · Hainan
2026-07-29,2026-12-29,2027-02-17,CAN,MXN,26278.0,,,,26278.0,1次中转(Beijing Capital International Airport) 18h55m · Hainan
2026-07-29,2026-12-29,2027-02-17,SZX,MXN,26387.0,,,,26387.0,1次中转(Beijing Capital International Airport) 19h55m · Hainan
2026-07-30,2026-12-28,2027-02-16,CAN,MXN,26260.0,,,,26260.0,1次中转(Beijing Capital International Airport) 18h55m · Hainan
2026-07-30,2026-12-28,2027-02-16,SZX,MXN,26369.0,,,,26369.0,1次中转(Beijing Capital International Airport) 19h55m · Hainan
2026-07-30,2026-12-28,2027-02-17,CAN,MXN,26140.0,,,,26140.0,1次中转(Beijing Capital International Airport) 18h55m · Hainan
2026-07-30,2026-12-28,2027-02-17,SZX,MXN,26249.33,,,,26249.33,1次中转(Beijing Capital International Airport) 19h55m · Hainan
2026-07-30,2026-12-29,2027-02-16,CAN,MXN,26260.0,,,,26260.0,1次中转(Beijing Capital International Airport) 18h55m · Hainan
2026-07-30,2026-12-29,2027-02-16,SZX,MXN,26369.0,,,,26369.0,1次中转(Beijing Capital International Airport) 19h55m · Hainan
2026-07-30,2026-12-29,2027-02-17,CAN,MXN,26260.0,,,,26260.0,1次中转(Beijing Capital International Airport) 18h55m · Hainan
2026-07-30,2026-12-29,2027-02-17,SZX,MXN,26369.0,,,,26369.0,1次中转(Beijing Capital International Airport) 19h55m · Hainan
2026-07-31,2026-12-28,2027-02-16,CAN,MXN,26094.67,,,,26094.67,1次中转(Beijing Capital International Airport) 18h55m · Hainan
2026-07-31,2026-12-28,2027-02-16,SZX,MXN,26203.67,,,,26203.67,1次中转(Beijing Capital International Airport) 19h55m · Hainan
2026-07-31,2026-12-28,2027-02-17,CAN,MXN,26094.67,,,,26094.67,1次中转(Beijing Capital International Airport) 18h55m · Hainan
2026-07-31,2026-12-28,2027-02-17,SZX,MXN,26203.67,,,,26203.67,1次中转(Beijing Capital International Airport) 19h55m · Hainan
2026-07-31,2026-12-29,2027-02-16,CAN,MXN,26094.67,,,,26094.67,1次中转(Beijing Capital International Airport) 18h55m · Hainan
2026-07-31,2026-12-29,2027-02-16,SZX,MXN,26203.67,,,,26203.67,1次中转(Beijing Capital International Airport) 19h55m · Hainan
2026-07-31,2026-12-29,2027-02-17,CAN,MXN,26094.67,,,,26094.67,1次中转(Beijing Capital International Airport) 18h55m · Hainan
2026-07-31,2026-12-29,2027-02-17,SZX,MXN,26203.67,,,,26203.67,1次中转(Beijing Capital International Airport) 19h55m · Hainan
2026-08-01,2026-12-28,2027-02-16,CAN,MXN,26156.0,,,,26156.0,1次中转(Beijing Capital International Airport) 18h55m · Hainan
2026-08-01,2026-12-28,2027-02-16,SZX,MXN,26241.33,,,,26241.33,1次中转(Beijing Capital International Airport) 19h55m · Hainan
2026-08-01,2026-12-28,2027-02-17,CAN,MXN,26132.0,,,,26132.0,1次中转(Beijing Capital International Airport) 18h55m · Hainan
2026-08-01,2026-12-28,2027-02-17,SZX,MXN,26241.33,,,,26241.33,1次中转(Beijing Capital International Airport) 19h55m · Hainan
2026-08-01,2026-12-29,2027-02-16,CAN,MXN,26132.0,,,,26132.0,1次中转(Beijing Capital International Airport) 18h55m · Hainan
2026-08-01,2026-12-29,2027-02-16,SZX,MXN,26241.33,,,,26241.33,1次中转(Beijing Capital International Airport) 19h55m · Hainan
2026-08-01,2026-12-29,2027-02-17,CAN,MXN,26132.0,,,,26132.0,1次中转(Beijing Capital International Airport) 18h55m · Hainan
2026-08-01,2026-12-29,2027-02-17,SZX,MXN,26241.33,,,,26241.33,1次中转(Beijing Capital International Airport) 19h55m · Hainan
2026-08-02,2026-12-28,2027-02-16,CAN,MXN,26131.33,,,,26131.33,1次中转(Beijing Capital International Airport) 18h55m · Hainan
2026-08-02,2026-12-28,2027-02-16,SZX,MXN,26240.67,,,,26240.67,1次中转(Beijing Capital International Airport) 19h55m · Hainan
2026-08-02,2026-12-28,2027-02-17,CAN,MXN,26131.33,,,,26131.33,1次中转(Beijing Capital International Airport) 18h55m · Hainan
2026-08-02,2026-12-28,2027-02-17,SZX,MXN,26240.67,,,,26240.67,1次中转(Beijing Capital International Airport) 19h55m · Hainan
2026-08-02,2026-12-29,2027-02-16,CAN,MXN,26131.33,,,,26131.33,1次中转(Beijing Capital International Airport) 18h55m · Hainan
2026-08-02,2026-12-29,2027-02-16,SZX,MXN,26240.67,,,,26240.67,1次中转(Beijing Capital International Airport) 19h55m · Hainan
2026-08-02,2026-12-29,2027-02-17,CAN,MXN,26131.33,,,,26131.33,1次中转(Beijing Capital International Airport) 18h55m · Hainan
2026-08-02,2026-12-29,2027-02-17,SZX,MXN,26240.67,,,,26240.67,1次中转(Beijing Capital International Airport) 19h55m · Hainan
2026-08-03,2026-12-28,2027-02-16,CAN,MXN,26118.67,,,,26118.67,1次中转(Beijing Capital International Airport) 18h55m · Hainan
2026-08-03,2026-12-28,2027-02-16,SZX,MXN,26228.0,,,,26228.0,1次中转(Beijing Capital International Airport) 19h55m · Hainan
2026-08-03,2026-12-28,2027-02-17,CAN,MXN,26156.0,,,,26156.0,1次中转(Beijing Capital International Airport) 18h55m · Hainan
2026-08-03,2026-12-28,2027-02-17,SZX,MXN,26265.0,,,,26265.0,1次中转(Beijing Capital International Airport) 19h55m · Hainan
2026-08-03,2026-12-29,2027-02-16,CAN,MXN,26156.0,,,,26156.0,1次中转(Beijing Capital International Airport) 18h55m · Hainan
2026-08-03,2026-12-29,2027-02-16,SZX,MXN,26228.0,,,,26228.0,1次中转(Beijing Capital International Airport) 19h55m · Hainan
2026-08-03,2026-12-29,2027-02-17,CAN,MXN,26118.67,,,,26118.67,1次中转(Beijing Capital International Airport) 18h55m · Hainan
2026-08-03,2026-12-29,2027-02-17,SZX,MXN,26228.0,,,,26228.0,1次中转(Beijing Capital International Airport) 19h55m · Hainan
2026-08-04,2026-12-28,2027-02-16,CAN,MXN,26016.0,,,,26016.0,1次中转(Beijing Capital International Airport) 18h55m · Hainan
2026-08-04,2026-12-28,2027-02-16,SZX,MXN,26225.0,,,,26225.0,1次中转(Beijing Capital International Airport) 19h55m · Hainan
2026-08-04,2026-12-28,2027-02-17,CAN,MXN,26016.0,,,,26016.0,1次中转(Beijing Capital International Airport) 18h55m · Hainan
2026-08-04,2026-12-28,2027-02-17,SZX,MXN,26225.0,,,,26225.0,1次中转(Beijing Capital International Airport) 19h55m · Hainan
2026-08-04,2026-12-29,2027-02-16,CAN,MXN,26016.0,,,,26016.0,1次中转(Beijing Capital International Airport) 18h55m · Hainan
2026-08-04,2026-12-29,2027-02-16,SZX,MXN,26125.0,,,,26125.0,1次中转(Beijing Capital International Airport) 19h55m · Hainan
2026-08-04,2026-12-29,2027-02-17,CAN,MXN,26016.0,,,,26016.0,1次中转(Beijing Capital International Airport) 18h55m · Hainan
2026-08-04,2026-12-29,2027-02-17,SZX,MXN,26125.0,,,,26125.0,1次中转(Beijing Capital International Airport) 19h55m · Hainan
2026-08-05,2026-12-28,2027-02-16,CAN,MXN,25816.0,,,,25816.0,1次中转(Beijing Capital International Airport) 18h55m · Hainan
2026-08-05,2026-12-28,2027-02-16,SZX,MXN,25924.67,,,,25924.67,1次中转(Beijing Capital International Airport) 19h55m · Hainan
2026-08-05,2026-12-28,2027-02-17,CAN,MXN,25816.0,,,,25816.0,1次中转(Beijing Capital International Airport) 18h55m · Hainan
2026-08-05,2026-12-28,2027-02-17,SZX,MXN,25924.67,,,,25924.67,1次中转(Beijing Capital International Airport) 19h55m · Hainan
2026-08-05,2026-12-29,2027-02-16,CAN,MXN,25816.0,,,,25816.0,1次中转(Beijing Capital International Airport) 18h55m · Hainan
2026-08-05,2026-12-29,2027-02-16,SZX,MXN,25924.67,,,,25924.67,1次中转(Beijing Capital International Airport) 19h55m · Hainan
2026-08-05,2026-12-29,2027-02-17,CAN,MXN,25816.0,,,,25816.0,1次中转(Beijing Capital International Airport) 18h55m · Hainan
2026-08-05,2026-12-29,2027-02-17,SZX,MXN,25924.67,,,,25924.67,1次中转(Beijing Capital International Airport) 19h55m · Hainan
2026-08-07,2026-12-28,2027-02-16,CAN,MXN,25657.67,,,,25657.67,1次中转(Beijing Capital International Airport) 18h50m · Hainan
2026-08-07,2026-12-28,2027-02-16,SZX,MXN,25929.0,,,,25929.0,1次中转(Beijing Capital International Airport) 19h50m · Hainan
2026-08-07,2026-12-28,2027-02-17,CAN,MXN,25657.67,,,,25657.67,1次中转(Beijing Capital International Airport) 18h50m · Hainan
2026-08-07,2026-12-28,2027-02-17,SZX,MXN,25765.67,,,,25765.67,1次中转(Beijing Capital International Airport) 19h50m · Hainan
2026-08-07,2026-12-29,2027-02-16,CAN,MXN,25657.67,,,,25657.67,1次中转(Beijing Capital International Airport) 18h50m · Hainan
2026-08-07,2026-12-29,2027-02-16,SZX,MXN,25765.67,,,,25765.67,1次中转(Beijing Capital International Airport) 19h50m · Hainan
2026-08-07,2026-12-29,2027-02-17,CAN,MXN,25657.67,,,,25657.67,1次中转(Beijing Capital International Airport) 18h50m · Hainan
2026-08-07,2026-12-29,2027-02-17,SZX,MXN,25765.67,,,,25765.67,1次中转(Beijing Capital International Airport) 19h50m · Hainan
2026-08-08,2026-12-28,2027-02-16,CAN,MXN,25663.33,,,,25663.33,1次中转(Beijing Capital International Airport) 18h50m · Hainan
2026-08-08,2026-12-28,2027-02-16,SZX,MXN,25771.33,,,,25771.33,1次中转(Beijing Capital International Airport) 19h50m · Hainan
2026-08-08,2026-12-28,2027-02-17,CAN,MXN,25663.33,,,,25663.33,1次中转(Beijing Capital International Airport) 18h50m · Hainan
2026-08-08,2026-12-28,2027-02-17,SZX,MXN,25771.33,,,,25771.33,1次中转(Beijing Capital International Airport) 19h50m · Hainan
2026-08-08,2026-12-29,2027-02-16,CAN,MXN,25663.33,,,,25663.33,1次中转(Beijing Capital International Airport) 18h50m · Hainan
2026-08-08,2026-12-29,2027-02-16,SZX,MXN,25771.33,,,,25771.33,1次中转(Beijing Capital International Airport) 19h50m · Hainan
2026-08-08,2026-12-29,2027-02-17,CAN,MXN,25663.33,,,,25663.33,1次中转(Beijing Capital International Airport) 18h50m · Hainan
2026-08-08,2026-12-29,2027-02-17,SZX,MXN,25771.33,,,,25771.33,1次中转(Beijing Capital International Airport) 19h50m · Hainan
2026-08-09,2026-12-28,2027-02-16,CAN,MXN,26028.0,,,,26028.0,1次中转(Beijing Capital International Airport) 18h50m · Hainan
2026-08-09,2026-12-28,2027-02-16,SZX,MXN,26137.67,,,,26137.67,1次中转(Beijing Capital International Airport) 19h50m · Hainan
2026-08-09,2026-12-28,2027-02-17,CAN,MXN,26028.0,,,,26028.0,1次中转(Beijing Capital International Airport) 18h50m · Hainan
2026-08-09,2026-12-28,2027-02-17,SZX,MXN,25912.0,,,,25912.0,1次中转(Beijing Capital International Airport) 19h50m · Hainan
2026-08-09,2026-12-29,2027-02-16,CAN,MXN,25805.0,,,,25805.0,1次中转(Beijing Capital International Airport) 18h50m · Hainan
2026-08-09,2026-12-29,2027-02-16,SZX,MXN,26137.67,,,,26137.67,1次中转(Beijing Capital International Airport) 19h50m · Hainan
2026-08-09,2026-12-29,2027-02-17,CAN,MXN,26028.0,,,,26028.0,1次中转(Beijing Capital International Airport) 18h50m · Hainan
2026-08-09,2026-12-29,2027-02-17,SZX,MXN,26137.67,,,,26137.67,1次中转(Beijing Capital International Airport) 19h50m · Hainan
2026-08-10,2026-12-28,2027-02-16,CAN,MXN,25677.0,,,,25677.0,1次中转(Beijing Capital International Airport) 18h50m · Hainan
2026-08-10,2026-12-28,2027-02-16,SZX,MXN,25785.0,,,,25785.0,1次中转(Beijing Capital International Airport) 19h50m · Hainan
2026-08-10,2026-12-28,2027-02-17,CAN,MXN,25677.0,,,,25677.0,1次中转(Beijing Capital International Airport) 18h50m · Hainan
2026-08-10,2026-12-28,2027-02-17,SZX,MXN,25785.0,,,,25785.0,1次中转(Beijing Capital International Airport) 19h50m · Hainan
2026-08-10,2026-12-29,2027-02-16,CAN,MXN,25677.0,,,,25677.0,1次中转(Beijing Capital International Airport) 18h50m · Hainan
2026-08-10,2026-12-29,2027-02-16,SZX,MXN,25785.0,,,,25785.0,1次中转(Beijing Capital International Airport) 19h50m · Hainan
2026-08-10,2026-12-29,2027-02-17,CAN,MXN,25677.0,,,,25677.0,1次中转(Beijing Capital International Airport) 18h50m · Hainan
2026-08-10,2026-12-29,2027-02-17,SZX,MXN,25785.0,,,,25785.0,1次中转(Beijing Capital International Airport) 19h50m · Hainan
2026-08-11,2026-12-28,2027-02-16,CAN,MXN,25615.67,,,,25615.67,1次中转(Beijing Capital International Airport) 18h50m · Hainan
2026-08-11,2026-12-28,2027-02-16,SZX,MXN,25723.33,,,,25723.33,1次中转(Beijing Capital International Airport) 19h50m · Hainan
2026-08-11,2026-12-28,2027-02-17,CAN,MXN,25615.67,,,,25615.67,1次中转(Beijing Capital International Airport) 18h50m · Hainan
2026-08-11,2026-12-28,2027-02-17,SZX,MXN,25723.33,,,,25723.33,1次中转(Beijing Capital International Airport) 19h50m · Hainan
2026-08-11,2026-12-29,2027-02-16,CAN,MXN,25615.67,,,,25615.67,1次中转(Beijing Capital International Airport) 18h50m · Hainan
2026-08-11,2026-12-29,2027-02-16,SZX,MXN,25723.33,,,,25723.33,1次中转(Beijing Capital International Airport) 19h50m · Hainan
2026-08-11,2026-12-29,2027-02-17,CAN,MXN,25615.67,,,,25615.67,1次中转(Beijing Capital International Airport) 18h50m · Hainan
2026-08-11,2026-12-29,2027-02-17,SZX,MXN,25723.33,,,,25723.33,1次中转(Beijing Capital International Airport) 19h50m · Hainan
2026-08-12,2026-12-28,2027-02-16,CAN,MXN,25688.0,,,,25688.0,1次中转(Beijing Capital International Airport) 18h50m · Hainan
2026-08-12,2026-12-28,2027-02-16,SZX,MXN,25653.67,,,,25653.67,1次中转(Beijing Capital International Airport) 19h50m · Hainan
2026-08-12,2026-12-28,2027-02-17,CAN,MXN,25546.33,,,,25546.33,1次中转(Beijing Capital International Airport) 18h50m · Hainan
2026-08-12,2026-12-28,2027-02-17,SZX,MXN,25653.67,,,,25653.67,1次中转(Beijing Capital International Airport) 19h50m · Hainan
2026-08-12,2026-12-29,2027-02-16,CAN,MXN,25546.33,,,,25546.33,1次中转(Beijing Capital International Airport) 18h50m · Hainan
2026-08-12,2026-12-29,2027-02-16,SZX,MXN,25653.67,,,,25653.67,1次中转(Beijing Capital International Airport) 19h50m · Hainan
2026-08-12,2026-12-29,2027-02-17,CAN,MXN,25546.33,,,,25546.33,1次中转(Beijing Capital International Airport) 18h50m · Hainan
2026-08-12,2026-12-29,2027-02-17,SZX,MXN,25653.67,,,,25653.67,1次中转(Beijing Capital International Airport) 19h50m · Hainan
2026-08-18,2026-12-28,2027-02-16,CAN,MXN,26044.0,,,,26044.0,1次中转(Beijing Capital International Airport) 18h50m · Hainan
2026-08-18,2026-12-28,2027-02-16,SZX,MXN,26104.0,,,,26104.0,1次中转(Beijing Capital International Airport) 39h00m · Hainan
2026-08-18,2026-12-28,2027-02-17,CAN,MXN,26044.0,,,,26044.0,1次中转(Beijing Capital International Airport) 18h50m · Hainan
2026-08-18,2026-12-28,2027-02-17,SZX,MXN,26151.67,,,,26151.67,1次中转(Beijing Capital International Airport) 19h50m · Hainan
2026-08-18,2026-12-29,2027-02-16,CAN,MXN,26044.0,,,,26044.0,1次中转(Beijing Capital International Airport) 18h50m · Hainan
2026-08-18,2026-12-29,2027-02-16,SZX,MXN,26151.67,,,,26151.67,1次中转(Beijing Capital International Airport) 19h50m · Hainan
2026-08-18,2026-12-29,2027-02-17,CAN,MXN,26044.0,,,,26044.0,1次中转(Beijing Capital International Airport) 18h50m · Hainan
2026-08-18,2026-12-29,2027-02-17,SZX,MXN,26151.67,,,,26151.67,1次中转(Beijing Capital International Airport) 19h50m · Hainan
2026-08-19,2026-12-28,2027-02-16,CAN,MXN,28938.67,,,,28938.67,1次中转(Beijing Capital International Airport) 18h50m · Hainan
2026-08-19,2026-12-28,2027-02-16,SZX,MXN,29043.67,,,,29043.67,1次中转(Beijing Capital International Airport) 19h50m · Hainan
2026-08-19,2026-12-28,2027-02-17,CAN,MXN,28938.67,,,,28938.67,1次中转(Beijing Capital International Airport) 18h50m · Hainan
2026-08-19,2026-12-28,2027-02-17,SZX,MXN,29043.67,,,,29043.67,1次中转(Beijing Capital International Airport) 19h50m · Hainan
2026-08-19,2026-12-29,2027-02-16,CAN,MXN,28938.67,,,,28938.67,1次中转(Beijing Capital International Airport) 18h50m · Hainan
2026-08-19,2026-12-29,2027-02-16,SZX,MXN,29043.67,,,,29043.67,1次中转(Beijing Capital International Airport) 19h50m · Hainan
2026-08-19,2026-12-29,2027-02-17,CAN,MXN,28938.67,,,,28938.67,1次中转(Beijing Capital International Airport) 18h50m · Hainan
2026-08-19,2026-12-29,2027-02-17,SZX,MXN,29043.67,,,,29043.67,1次中转(Beijing Capital International Airport) 19h50m · Hainan
2026-08-20,2026-12-28,2027-02-16,CAN,MXN,28956.0,,,,28956.0,1次中转(Beijing Capital International Airport) 18h50m · Hainan
2026-08-20,2026-12-28,2027-02-16,SZX,MXN,29061.0,,,,29061.0,1次中转(Beijing Capital International Airport) 19h50m · Hainan
2026-08-20,2026-12-28,2027-02-17,CAN,MXN,28956.0,,,,28956.0,1次中转(Beijing Capital International Airport) 18h50m · Hainan
2026-08-20,2026-12-28,2027-02-17,SZX,MXN,29061.0,,,,29061.0,1次中转(Beijing Capital International Airport) 19h50m · Hainan
2026-08-20,2026-12-29,2027-02-16,CAN,MXN,28956.0,,,,28956.0,1次中转(Beijing Capital International Airport) 18h50m · Hainan
2026-08-20,2026-12-29,2027-02-16,SZX,MXN,29061.0,,,,29061.0,1次中转(Beijing Capital International Airport) 19h50m · Hainan
2026-08-20,2026-12-29,2027-02-17,CAN,MXN,28956.0,,,,28956.0,1次中转(Beijing Capital International Airport) 18h50m · Hainan
2026-08-20,2026-12-29,2027-02-17,SZX,MXN,29061.0,,,,29061.0,1次中转(Beijing Capital International Airport) 19h50m · Hainan
2026-08-21,2026-12-28,2027-02-16,CAN,MXN,28852.33,,,,28852.33,1次中转(Beijing Capital International Airport) 18h50m · Hainan
2026-08-21,2026-12-28,2027-02-16,SZX,MXN,28957.0,,,,28957.0,1次中转(Beijing Capital International Airport) 19h50m · Hainan
2026-08-21,2026-12-28,2027-02-17,CAN,MXN,28852.33,,,,28852.33,1次中转(Beijing Capital International Airport) 18h50m · Hainan
2026-08-21,2026-12-28,2027-02-17,SZX,MXN,28957.0,,,,28957.0,1次中转(Beijing Capital International Airport) 19h50m · Hainan
2026-08-21,2026-12-29,2027-02-16,CAN,MXN,28852.33,,,,28852.33,1次中转(Beijing Capital International Airport) 18h50m · Hainan
2026-08-21,2026-12-29,2027-02-16,SZX,MXN,28957.0,,,,28957.0,1次中转(Beijing Capital International Airport) 19h50m · Hainan
2026-08-21,2026-12-29,2027-02-17,CAN,MXN,28852.33,,,,28852.33,1次中转(Beijing Capital International Airport) 18h50m · Hainan
2026-08-21,2026-12-29,2027-02-17,SZX,MXN,28957.0,,,,28957.0,1次中转(Beijing Capital International Airport) 19h50m · Hainan
2026-08-22,2026-12-28,2027-02-16,CAN,MXN,28874.33,,,,28874.33,1次中转(Beijing Capital International Airport) 18h50m · Hainan
2026-08-22,2026-12-28,2027-02-16,SZX,MXN,28979.33,,,,28979.33,1次中转(Beijing Capital International Airport) 19h50m · Hainan
2026-08-22,2026-12-28,2027-02-17,CAN,MXN,28874.33,,,,28874.33,1次中转(Beijing Capital International Airport) 18h50m · Hainan
2026-08-22,2026-12-28,2027-02-17,SZX,MXN,28979.33,,,,28979.33,1次中转(Beijing Capital International Airport) 19h50m · Hainan
2026-08-22,2026-12-29,2027-02-16,CAN,MXN,28874.33,,,,28874.33,1次中转(Beijing Capital International Airport) 18h50m · Hainan
2026-08-22,2026-12-29,2027-02-16,SZX,MXN,28979.33,,,,28979.33,1次中转(Beijing Capital International Airport) 19h50m · Hainan
2026-08-22,2026-12-29,2027-02-17,CAN,MXN,28874.33,,,,28874.33,1次中转(Beijing Capital International Airport) 18h50m · Hainan
2026-08-22,2026-12-29,2027-02-17,SZX,MXN,28979.33,,,,28979.33,1次中转(Beijing Capital International Airport) 19h50m · Hainan
2026-08-23,2026-12-28,2027-02-16,CAN,MXN,28874.33,,,,28874.33,1次中转(Beijing Capital International Airport) 18h50m · Hainan
2026-08-23,2026-12-28,2027-02-16,SZX,MXN,28979.33,,,,28979.33,1次中转(Beijing Capital International Airport) 19h50m · Hainan
2026-08-23,2026-12-28,2027-02-17,CAN,MXN,28874.33,,,,28874.33,1次中转(Beijing Capital International Airport) 18h50m · Hainan
2026-08-23,2026-12-28,2027-02-17,SZX,MXN,28979.33,,,,28979.33,1次中转(Beijing Capital International Airport) 19h50m · Hainan
2026-08-23,2026-12-29,2027-02-16,CAN,MXN,28874.33,,,,28874.33,1次中转(Beijing Capital International Airport) 18h50m · Hainan
2026-08-23,2026-12-29,2027-02-16,SZX,MXN,28979.33,,,,28979.33,1次中转(Beijing Capital International Airport) 19h50m · Hainan
2026-08-23,2026-12-29,2027-02-17,CAN,MXN,28874.33,,,,28874.33,1次中转(Beijing Capital International Airport) 18h50m · Hainan
2026-08-23,2026-12-29,2027-02-17,SZX,MXN,28979.33,,,,28979.33,1次中转(Beijing Capital International Airport) 19h50m · Hainan
2026-08-24,2026-12-28,2027-02-16,CAN,MXN,28959.0,,,,28959.0,1次中转(Beijing Capital International Airport) 18h50m · Hainan
2026-08-24,2026-12-28,2027-02-16,SZX,MXN,29064.33,,,,29064.33,1次中转(Beijing Capital International Airport) 19h50m · Hainan
2026-08-24,2026-12-28,2027-02-17,CAN,MXN,28959.0,,,,28959.0,1次中转(Beijing Capital International Airport) 18h50m · Hainan
2026-08-24,2026-12-28,2027-02-17,SZX,MXN,29064.33,,,,29064.33,1次中转(Beijing Capital International Airport) 19h50m · Hainan
2026-08-24,2026-12-29,2027-02-16,CAN,MXN,28970.0,,,,28970.0,1次中转(Beijing Capital International Airport) 18h50m · Hainan
2026-08-24,2026-12-29,2027-02-16,SZX,MXN,29064.33,,,,29064.33,1次中转(Beijing Capital International Airport) 19h50m · Hainan
2026-08-24,2026-12-29,2027-02-17,CAN,MXN,28959.0,,,,28959.0,1次中转(Beijing Capital International Airport) 18h50m · Hainan
2026-08-24,2026-12-29,2027-02-17,SZX,MXN,29064.33,,,,29064.33,1次中转(Beijing Capital International Airport) 19h50m · Hainan
2026-08-25,2026-12-28,2027-02-16,CAN,MXN,27158.33,,,,27158.33,1次中转(Beijing Capital International Airport) 18h50m · Hainan
2026-08-25,2026-12-28,2027-02-16,SZX,MXN,27263.33,,,,27263.33,1次中转(Beijing Capital International Airport) 19h50m · Hainan
2026-08-25,2026-12-28,2027-02-17,CAN,MXN,27158.33,,,,27158.33,1次中转(Beijing Capital International Airport) 18h50m · Hainan
2026-08-25,2026-12-28,2027-02-17,SZX,MXN,27263.33,,,,27263.33,1次中转(Beijing Capital International Airport) 19h50m · Hainan
2026-08-25,2026-12-29,2027-02-16,CAN,MXN,27158.33,,,,27158.33,1次中转(Beijing Capital International Airport) 18h50m · Hainan
2026-08-25,2026-12-29,2027-02-16,SZX,MXN,27263.33,,,,27263.33,1次中转(Beijing Capital International Airport) 19h50m · Hainan
2026-08-25,2026-12-29,2027-02-17,CAN,MXN,27158.33,,,,27158.33,1次中转(Beijing Capital International Airport) 18h50m · Hainan
2026-08-25,2026-12-29,2027-02-17,SZX,MXN,27263.33,,,,27263.33,1次中转(Beijing Capital International Airport) 19h50m · Hainan
2026-08-26,2026-12-28,2027-02-16,CAN,MXN,27177.33,,,,27177.33,1次中转(Beijing Capital International Airport) 18h50m · Hainan
2026-08-26,2026-12-28,2027-02-16,SZX,MXN,27282.33,,,,27282.33,1次中转(Beijing Capital International Airport) 19h50m · Hainan
2026-08-26,2026-12-28,2027-02-17,CAN,MXN,27177.33,,,,27177.33,1次中转(Beijing Capital International Airport) 18h50m · Hainan
2026-08-26,2026-12-28,2027-02-17,SZX,MXN,27282.33,,,,27282.33,1次中转(Beijing Capital International Airport) 19h50m · Hainan
2026-08-26,2026-12-29,2027-02-16,CAN,MXN,27177.33,,,,27177.33,1次中转(Beijing Capital International Airport) 18h50m · Hainan
2026-08-26,2026-12-29,2027-02-16,SZX,MXN,27282.33,,,,27282.33,1次中转(Beijing Capital International Airport) 19h50m · Hainan
2026-08-26,2026-12-29,2027-02-17,CAN,MXN,27177.33,,,,27177.33,1次中转(Beijing Capital International Airport) 18h50m · Hainan
2026-08-26,2026-12-29,2027-02-17,SZX,MXN,27282.33,,,,27282.33,1次中转(Beijing Capital International Airport) 19h50m · Hainan
2026-08-27,2026-12-28,2027-02-16,CAN,MXN,27203.0,,,,27203.0,1次中转(Beijing Capital International Airport) 18h50m · Hainan
2026-08-27,2026-12-28,2027-02-16,SZX,MXN,27308.33,,,,27308.33,1次中转(Beijing Capital International Airport) 19h50m · Hainan
2026-08-27,2026-12-28,2027-02-17,CAN,MXN,27203.0,,,,27203.0,1次中转(Beijing Capital International Airport) 18h50m · Hainan
2026-08-27,2026-12-28,2027-02-17,SZX,MXN,27308.33,,,,27308.33,1次中转(Beijing Capital International Airport) 19h50m · Hainan
2026-08-27,2026-12-29,2027-02-16,CAN,MXN,27203.0,,,,27203.0,1次中转(Beijing Capital International Airport) 18h50m · Hainan
2026-08-27,2026-12-29,2027-02-16,SZX,MXN,27308.33,,,,27308.33,1次中转(Beijing Capital International Airport) 19h50m · Hainan
2026-08-27,2026-12-29,2027-02-17,CAN,MXN,27203.0,,,,27203.0,1次中转(Beijing Capital International Airport) 18h50m · Hainan
2026-08-27,2026-12-29,2027-02-17,SZX,MXN,27308.33,,,,27308.33,1次中转(Beijing Capital International Airport) 19h50m · Hainan
2026-08-28,2026-12-28,2027-02-16,CAN,MXN,27322.33,,,,27322.33,1次中转(Beijing Capital International Airport) 18h50m · Hainan
2026-08-28,2026-12-28,2027-02-16,SZX,MXN,27428.0,,,,27428.0,1次中转(Beijing Capital International Airport) 19h50m · Hainan
2026-08-28,2026-12-28,2027-02-17,CAN,MXN,27322.33,,,,27322.33,1次中转(Beijing Capital International Airport) 18h50m · Hainan
2026-08-28,2026-12-28,2027-02-17,SZX,MXN,27428.0,,,,27428.0,1次中转(Beijing Capital International Airport) 19h50m · Hainan
2026-08-28,2026-12-29,2027-02-16,CAN,MXN,27322.33,,,,27322.33,1次中转(Beijing Capital International Airport) 18h50m · Hainan
2026-08-28,2026-12-29,2027-02-16,SZX,MXN,27428.0,,,,27428.0,1次中转(Beijing Capital International Airport) 19h50m · Hainan
2026-08-28,2026-12-29,2027-02-17,CAN,MXN,27322.33,,,,27322.33,1次中转(Beijing Capital International Airport) 18h50m · Hainan
2026-08-28,2026-12-29,2027-02-17,SZX,MXN,27428.0,,,,27428.0,1次中转(Beijing Capital International Airport) 19h50m · Hainan
2026-08-29,2026-12-28,2027-02-16,CAN,MXN,27302.67,,,,27302.67,1次中转(Beijing Capital International Airport) 18h50m · Hainan
2026-08-29,2026-12-28,2027-02-16,SZX,MXN,27408.33,,,,27408.33,1次中转(Beijing Capital International Airport) 19h50m · Hainan
2026-08-29,2026-12-28,2027-02-17,CAN,MXN,27302.67,,,,27302.67,1次中转(Beijing Capital International Airport) 18h50m · Hainan
2026-08-29,2026-12-28,2027-02-17,SZX,MXN,27408.33,,,,27408.33,1次中转(Beijing Capital International Airport) 19h50m · Hainan
2026-08-29,2026-12-29,2027-02-16,CAN,MXN,27302.67,,,,27302.67,1次中转(Beijing Capital International Airport) 18h50m · Hainan
2026-08-29,2026-12-29,2027-02-16,SZX,MXN,27408.33,,,,27408.33,1次中转(Beijing Capital International Airport) 19h50m · Hainan
2026-08-29,2026-12-29,2027-02-17,CAN,MXN,27231.0,,,,27231.0,1次中转(Beijing Capital International Airport) 18h50m · Hainan
2026-08-29,2026-12-29,2027-02-17,SZX,MXN,27408.33,,,,27408.33,1次中转(Beijing Capital International Airport) 19h50m · Hainan
2026-08-30,2026-12-28,2027-02-16,CAN,MXN,27302.67,,,,27302.67,1次中转(Beijing Capital International Airport) 18h50m · Hainan
2026-08-30,2026-12-28,2027-02-16,SZX,MXN,27408.33,,,,27408.33,1次中转(Beijing Capital International Airport) 19h50m · Hainan
2026-08-30,2026-12-28,2027-02-17,CAN,MXN,27302.67,,,,27302.67,1次中转(Beijing Capital International Airport) 18h50m · Hainan
2026-08-30,2026-12-28,2027-02-17,SZX,MXN,27408.33,,,,27408.33,1次中转(Beijing Capital International Airport) 19h50m · Hainan
2026-08-30,2026-12-29,2027-02-16,CAN,MXN,27231.0,,,,27231.0,1次中转(Beijing Capital International Airport) 23h50m · Hainan
2026-08-30,2026-12-29,2027-02-16,SZX,MXN,27337.0,,,,27337.0,1次中转(Beijing Capital International Airport) 35h50m · Hainan
2026-08-30,2026-12-29,2027-02-17,CAN,MXN,27231.0,,,,27231.0,1次中转(Beijing Capital International Airport) 23h50m · Hainan
2026-08-30,2026-12-29,2027-02-17,SZX,MXN,27408.33,,,,27408.33,1次中转(Beijing Capital International Airport) 19h50m · Hainan
2026-08-31,2026-12-28,2027-02-16,CAN,MXN,27247.0,,,,27247.0,1次中转(Beijing Capital International Airport) 18h50m · Hainan
2026-08-31,2026-12-28,2027-02-16,SZX,MXN,27352.33,,,,27352.33,1次中转(Beijing Capital International Airport) 19h50m · Hainan
2026-08-31,2026-12-28,2027-02-17,CAN,MXN,27247.0,,,,27247.0,1次中转(Beijing Capital International Airport) 18h50m · Hainan
2026-08-31,2026-12-28,2027-02-17,SZX,MXN,27337.0,,,,27337.0,1次中转(Beijing Capital International Airport) 19h50m · Hainan
2026-08-31,2026-12-29,2027-02-16,CAN,MXN,27247.0,,,,27247.0,1次中转(Beijing Capital International Airport) 18h50m · Hainan
2026-08-31,2026-12-29,2027-02-16,SZX,MXN,27352.33,,,,27352.33,1次中转(Beijing Capital International Airport) 19h50m · Hainan
2026-08-31,2026-12-29,2027-02-17,CAN,MXN,27247.0,,,,27247.0,1次中转(Beijing Capital International Airport) 18h50m · Hainan
2026-08-31,2026-12-29,2027-02-17,SZX,MXN,27352.33,,,,27352.33,1次中转(Beijing Capital International Airport) 19h50m · Hainan
2026-09-01,2026-12-28,2027-02-16,CAN,MXN,27250.33,,,,27250.33,1次中转(Beijing Capital International Airport) 18h50m · Hainan
2026-09-01,2026-12-28,2027-02-16,SZX,MXN,27436.0,,,,27436.0,1次中转(Beijing Capital International Airport) 19h50m · Hainan
2026-09-01,2026-12-28,2027-02-17,CAN,MXN,27250.33,,,,27250.33,1次中转(Beijing Capital International Airport) 18h50m · Hainan
2026-09-01,2026-12-28,2027-02-17,SZX,MXN,27436.0,,,,27436.0,1次中转(Beijing Capital International Airport) 19h50m · Hainan
2026-09-01,2026-12-29,2027-02-16,CAN,MXN,27330.0,,,,27330.0,1次中转(Beijing Capital International Airport) 18h50m · Hainan
2026-09-01,2026-12-29,2027-02-16,SZX,MXN,27355.67,,,,27355.67,1次中转(Beijing Capital International Airport) 19h50m · Hainan
2026-09-01,2026-12-29,2027-02-17,CAN,MXN,27250.33,,,,27250.33,1次中转(Beijing Capital International Airport) 18h50m · Hainan
2026-09-01,2026-12-29,2027-02-17,SZX,MXN,27355.67,,,,27355.67,1次中转(Beijing Capital International Airport) 19h50m · Hainan
